shopify_order_id,order_name,created_at,price,quantity,city,state,country,currency_code,financial_status,fulfillment_status,brand,channel,platform
gid://shopify/Order/7246993031465,#262470,2026-03-26T18:29:59Z,1495.0,1,Mumbai,Maharashtra,India,INR,PAID,FULFILLED,BTC,D2C,Web
gid://shopify/Order/7246990606633,#262463,2026-03-26T18:28:24Z,5531.0,4,"Gautam Buddha Nagar","Uttar Pradesh",India,INR,PAID,UNFULFILLED,Core,D2C,App
gid://shopify/Order/7246989525289,#262462,2026-03-26T18:27:46Z,1288.0,1,Pune,Maharashtra,India,INR,PAID,UNFULFILLED,Core,D2C,App
gid://shopify/Order/7246987854121,#262459,2026-03-26T18:26:49Z,5731.0,4,Rupnagar,Punjab,India,INR,PAID,UNFULFILLED,Core,D2C,App
gid://shopify/Order/7246987002153,#262458,2026-03-26T18:26:20Z,1497.0,1,BANGALORE,Karnataka,India,INR,PAID,UNFULFILLED,Core,D2C,App
gid://shopify/Order/7246986903849,#262456,2026-03-26T18:26:12Z,1044.0,1,Hyderabad,Telangana,India,INR,PAID,UNFULFILLED,Core,D2C,App
gid://shopify/Order/7246986379561,#262455,2026-03-26T18:25:52Z,1296.0,1,"Mathrusri Nagar",Telangana,India,INR,PAID,UNFULFILLED,Core,D2C,App
gid://shopify/Order/7246986019113,#262454,2026-03-26T18:25:43Z,1744.0,2,Mysore,Karnataka,India,INR,PAID,UNFULFILLED,Core,D2C,App
gid://shopify/Order/7246985724201,#262453,2026-03-26T18:25:33Z,3606.0,4,Gurgaon,Haryana,India,INR,PAID,UNFULFILLED,Core,D2C,Web
gid://shopify/Order/7246985429289,#262452,2026-03-26T18:25:25Z,5013.0,6,MUMBAI,Maharashtra,India,INR,PAID,UNFULFILLED,Core,D2C,App
gid://shopify/Order/7246985396521,#262451,2026-03-26T18:25:24Z,4768.0,4,Mumbai,Maharashtra,India,INR,PAID,UNFULFILLED,BTC,D2C,App
gid://shopify/Order/7246984708393,#262450,2026-03-26T18:24:53Z,1480.0,1,Ghaziabad,"Uttar Pradesh",India,INR,PAID,UNFULFILLED,Core,D2C,Web
gid://shopify/Order/7246984151337,#262447,2026-03-26T18:24:29Z,2963.0,3,Bangalore,Karnataka,India,INR,PAID,UNFULFILLED,Core,D2C,Web
gid://shopify/Order/7246983266601,#262445,2026-03-26T18:23:58Z,1514.0,2,Muzaffarpur,Bihar,India,INR,PAID,UNFULFILLED,Core,D2C,App
gid://shopify/Order/7246982349097,#262441,2026-03-26T18:23:33Z,1666.0,2,Pune,Maharashtra,India,INR,PAID,UNFULFILLED,Core,D2C,App
gid://shopify/Order/7246982086953,#262439,2026-03-26T18:23:27Z,2714.0,2,Ernakulam,Kerala,India,INR,PAID,UNFULFILLED,Core,D2C,App
gid://shopify/Order/7246980710697,#262438,2026-03-26T18:22:43Z,2402.0,2,Mumbai,Maharashtra,India,INR,PAID,PARTIALLY_FULFILLED,BTC,D2C,App
gid://shopify/Order/7246980514089,#262437,2026-03-26T18:22:32Z,2783.0,3,Pune,Maharashtra,India,INR,PAID,UNFULFILLED,Core,D2C,App
gid://shopify/Order/7246978384169,#262430,2026-03-26T18:21:10Z,1897.0,2,Bangalore,Karnataka,India,INR,PAID,UNFULFILLED,Core,D2C,App
gid://shopify/Order/7246977368361,#262429,2026-03-26T18:20:32Z,1184.0,1,Mumbai,Maharashtra,India,INR,PAID,UNFULFILLED,Core,D2C,App
gid://shopify/Order/7246974026025,#262422,2026-03-26T18:18:36Z,3548.0,4,Pune,Maharashtra,India,INR,PAID,PARTIALLY_FULFILLED,Core,D2C,App
gid://shopify/Order/7246972059945,#262420,2026-03-26T18:17:33Z,4196.0,4,Bengaluru,Karnataka,India,INR,PAID,UNFULFILLED,Core,D2C,App
gid://shopify/Order/7246971142441,#262418,2026-03-26T18:17:00Z,1861.0,2,Mumbai,Maharashtra,India,INR,PAID,UNFULFILLED,Core,D2C,App
gid://shopify/Order/7246970650921,#262417,2026-03-26T18:16:46Z,2848.0,2,Mumbai,Maharashtra,India,INR,PAID,UNFULFILLED,Core,D2C,App
gid://shopify/Order/7246970552617,#262416,2026-03-26T18:16:43Z,4820.0,4,Meerut,"Uttar Pradesh",India,INR,PAID,UNFULFILLED,BTC,D2C,App
gid://shopify/Order/7246970126633,#262415,2026-03-26T18:16:24Z,3328.0,4,Vadodara,Gujarat,India,INR,PAID,UNFULFILLED,Core,D2C,App
gid://shopify/Order/7246969307433,#262414,2026-03-26T18:16:01Z,1902.0,3,Bangalore,Karnataka,India,INR,PAID,UNFULFILLED,Core,D2C,App
gid://shopify/Order/7246969176361,#262413,2026-03-26T18:15:55Z,886.0,1,Bengaluru,Karnataka,India,INR,PAID,UNFULFILLED,Core,D2C,App
gid://shopify/Order/7246968193321,#262411,2026-03-26T18:15:22Z,10075.0,7,Bengaluru,Karnataka,India,INR,PAID,UNFULFILLED,Core,D2C,App
gid://shopify/Order/7246968062249,#262410,2026-03-26T18:15:13Z,4049.0,3,Mumbai,Maharashtra,India,INR,PAID,UNFULFILLED,Core,D2C,App
gid://shopify/Order/7246967570729,#262408,2026-03-26T18:14:58Z,1922.0,2,BANGALORE,Karnataka,India,INR,PAID,UNFULFILLED,Core,D2C,Web
gid://shopify/Order/7246964425001,#262403,2026-03-26T18:12:31Z,2018.0,1,Hyderabad,Telangana,India,INR,PAID,UNFULFILLED,BTC,D2C,App
gid://shopify/Order/7246963999017,#262399,2026-03-26T18:12:15Z,2331.0,4,Vadodara,Gujarat,India,INR,PAID,UNFULFILLED,Core,D2C,Web
gid://shopify/Order/7246961180969,#262394,2026-03-26T18:10:50Z,4487.0,5,Thane,Maharashtra,India,INR,PAID,UNFULFILLED,Core,D2C,App
gid://shopify/Order/7246960918825,#262393,2026-03-26T18:10:42Z,1561.0,1,Hyderabad,Telangana,India,INR,PAID,FULFILLED,Core,D2C,App
gid://shopify/Order/7246960754985,#262392,2026-03-26T18:10:40Z,4088.0,3,Mumbai,Maharashtra,India,INR,PAID,UNFULFILLED,BTC,D2C,App
gid://shopify/Order/7246959804713,#262389,2026-03-26T18:10:11Z,1262.0,1,Mumbai,Maharashtra,India,INR,PAID,FULFILLED,Core,D2C,App
gid://shopify/Order/7246958362921,#262386,2026-03-26T18:09:02Z,3696.0,4,Mumbai,Maharashtra,India,INR,PAID,UNFULFILLED,Core,D2C,App
gid://shopify/Order/7246957347113,#262384,2026-03-26T18:08:23Z,1297.0,2,Bengaluru,Karnataka,India,INR,PAID,UNFULFILLED,BTC,D2C,App
gid://shopify/Order/7246956593449,#262382,2026-03-26T18:07:46Z,4383.0,2,Una,"Himachal Pradesh",India,INR,PAID,UNFULFILLED,BTC,D2C,App
gid://shopify/Order/7246956429609,#262381,2026-03-26T18:07:37Z,2276.0,2,Madurai,"Tamil Nadu",India,INR,PAID,PARTIALLY_FULFILLED,Core,D2C,App
gid://shopify/Order/7246955643177,#262380,2026-03-26T18:07:08Z,1981.0,2,Mumbai,Maharashtra,India,INR,PAID,PARTIALLY_FULFILLED,Core,D2C,App
gid://shopify/Order/7246955610409,#262379,2026-03-26T18:07:06Z,2830.0,3,Bangalore,Karnataka,India,INR,PAID,UNFULFILLED,Core,D2C,App
gid://shopify/Order/7246953152809,#262371,2026-03-26T18:05:27Z,2182.0,2,Bangalore,Karnataka,India,INR,PAID,UNFULFILLED,Core,D2C,App
gid://shopify/Order/7246951973161,#262370,2026-03-26T18:04:35Z,955.0,1,"North West Delhi",Delhi,India,INR,PAID,UNFULFILLED,Core,D2C,App
gid://shopify/Order/7246951776553,#262368,2026-03-26T18:04:26Z,3032.0,1,Pune,Maharashtra,India,INR,PAID,FULFILLED,BTC,D2C,App
gid://shopify/Order/7246949515561,#262364,2026-03-26T18:02:49Z,7396.0,5,Bangalore,Karnataka,India,INR,PAID,UNFULFILLED,Core,D2C,App
gid://shopify/Order/7246949122345,#262362,2026-03-26T18:02:38Z,3276.0,3,Vadodara,Gujarat,India,INR,PAID,UNFULFILLED,Core,D2C,App
gid://shopify/Order/7246948925737,#262361,2026-03-26T18:02:30Z,1910.0,2,Bangalore,Karnataka,India,INR,PAID,UNFULFILLED,Core,D2C,App
gid://shopify/Order/7246948434217,#262360,2026-03-26T18:02:18Z,1978.0,2,Mumbai,Maharashtra,India,INR,PAID,UNFULFILLED,Core,D2C,App
gid://shopify/Order/7246948401449,#262359,2026-03-26T18:02:16Z,2259.0,2,Mumbai,Maharashtra,India,INR,PAID,UNFULFILLED,Core,D2C,App
gid://shopify/Order/7246947549481,#262358,2026-03-26T18:01:41Z,4260.0,4,Alwar,Rajasthan,India,INR,PAID,UNFULFILLED,Core,D2C,App
gid://shopify/Order/7246947320105,#262357,2026-03-26T18:01:40Z,6701.0,8,Ahmedabad,Gujarat,India,INR,PAID,UNFULFILLED,Core,D2C,App
gid://shopify/Order/7246946697513,#262355,2026-03-26T18:01:21Z,4017.0,4,"Gautam budh nagar","Uttar Pradesh",India,INR,PAID,UNFULFILLED,Core,D2C,App
gid://shopify/Order/7246946369833,#262353,2026-03-26T18:01:12Z,1558.0,1,Pune,Maharashtra,India,INR,PAID,UNFULFILLED,Core,D2C,App
gid://shopify/Order/7246945976617,#262351,2026-03-26T18:00:56Z,2161.0,3,Hyderabad,Telangana,India,INR,PAID,UNFULFILLED,Core,D2C,App
gid://shopify/Order/7246945386793,#262350,2026-03-26T18:00:35Z,6832.0,7,Bengaluru,Karnataka,India,INR,PAID,UNFULFILLED,Core,D2C,App
gid://shopify/Order/7246945288489,#262349,2026-03-26T18:00:29Z,2046.0,2,Bangalore,Karnataka,India,INR,PAID,UNFULFILLED,Core,D2C,App
gid://shopify/Order/7246943486249,#262346,2026-03-26T17:59:28Z,2803.0,2,Hyderabad,Telangana,India,INR,PAID,UNFULFILLED,Core,D2C,App
gid://shopify/Order/7246942798121,#262343,2026-03-26T17:59:09Z,2257.0,2,Alwar,Rajasthan,India,INR,PAID,UNFULFILLED,BTC,D2C,App
gid://shopify/Order/7246940274985,#262339,2026-03-26T17:57:32Z,2130.0,2,Bengaluru,Karnataka,India,INR,PAID,UNFULFILLED,Core,D2C,App
gid://shopify/Order/7246940078377,#262338,2026-03-26T17:57:28Z,2120.0,2,Bangalore,Karnataka,India,INR,PAID,PARTIALLY_FULFILLED,Core,D2C,App
gid://shopify/Order/7246939193641,#262334,2026-03-26T17:56:52Z,3581.0,4,Pune,Maharashtra,India,INR,PAID,UNFULFILLED,Core,D2C,App
gid://shopify/Order/7246938472745,#262333,2026-03-26T17:56:19Z,1811.0,2,Pune,Maharashtra,India,INR,PAID,PARTIALLY_FULFILLED,Core,D2C,App
gid://shopify/Order/7246937391401,#262332,2026-03-26T17:55:24Z,4512.0,5,Thane,Maharashtra,India,INR,PAID,UNFULFILLED,Core,D2C,App
gid://shopify/Order/7246936801577,#262331,2026-03-26T17:55:00Z,1160.0,1,Gurugram,Haryana,India,INR,PAID,UNFULFILLED,Core,D2C,App
gid://shopify/Order/7246936768809,#262330,2026-03-26T17:54:57Z,5215.0,7,Mumbai,Maharashtra,India,INR,PAID,UNFULFILLED,Core,D2C,App
gid://shopify/Order/7246935032105,#262328,2026-03-26T17:53:48Z,5969.0,5,Bengaluru,Karnataka,India,INR,PAID,UNFULFILLED,Core,D2C,App
gid://shopify/Order/7246933098793,#262322,2026-03-26T17:52:48Z,6083.0,6,Bhubaneswar,Odisha,India,INR,PAID,UNFULFILLED,Core,D2C,App
gid://shopify/Order/7246932967721,#262321,2026-03-26T17:52:45Z,4842.0,4,Surat,Gujarat,India,INR,PAID,UNFULFILLED,Core,D2C,App
gid://shopify/Order/7246932050217,#262320,2026-03-26T17:52:10Z,7847.0,10,Chennai,"Tamil Nadu",India,INR,PAID,UNFULFILLED,Core,D2C,App
gid://shopify/Order/7246929920297,#262317,2026-03-26T17:50:56Z,3411.0,2,Mumbai,Maharashtra,India,INR,PAID,UNFULFILLED,Core,D2C,App
gid://shopify/Order/7246929297705,#262316,2026-03-26T17:50:33Z,3713.0,3,Ahmedabad,Gujarat,India,INR,PAID,UNFULFILLED,Core,D2C,App
gid://shopify/Order/7246928871721,#262315,2026-03-26T17:50:21Z,2182.0,3,Noida,"Uttar Pradesh",India,INR,PAID,UNFULFILLED,Core,D2C,App
gid://shopify/Order/7246928249129,#262312,2026-03-26T17:49:59Z,1262.0,1,Solapur,Maharashtra,India,INR,PAID,FULFILLED,Core,D2C,App
gid://shopify/Order/7246928150825,#262311,2026-03-26T17:49:56Z,3279.0,3,Bangalore,Karnataka,India,INR,PAID,UNFULFILLED,Core,D2C,App
gid://shopify/Order/7246927003945,#262310,2026-03-26T17:49:09Z,2065.0,2,Mumbai,Maharashtra,India,INR,PAID,UNFULFILLED,Core,D2C,App
gid://shopify/Order/7246926676265,#262309,2026-03-26T17:49:03Z,2655.0,3,Pune,Maharashtra,India,INR,PAID,UNFULFILLED,Core,D2C,App
gid://shopify/Order/7246926217513,#262308,2026-03-26T17:48:54Z,1221.0,2,"South West Delhi",Delhi,India,INR,PAID,UNFULFILLED,Core,D2C,App
gid://shopify/Order/7246926151977,#262307,2026-03-26T17:48:53Z,3916.0,3,Bengaluru,Karnataka,India,INR,PAID,UNFULFILLED,Core,D2C,App
gid://shopify/Order/7246926020905,#262306,2026-03-26T17:48:51Z,1402.0,1,Mapusa,Goa,India,INR,PAID,FULFILLED,Core,D2C,App
gid://shopify/Order/7246924874025,#262302,2026-03-26T17:48:06Z,1669.0,2,Pune,Maharashtra,India,INR,PAID,UNFULFILLED,BTC,D2C,App
gid://shopify/Order/7246923759913,#262300,2026-03-26T17:47:32Z,2300.0,2,Pune,Maharashtra,India,INR,PAID,UNFULFILLED,Core,D2C,App
gid://shopify/Order/7246922809641,#262298,2026-03-26T17:46:59Z,2752.0,1,Karnal,Haryana,India,INR,PAID,FULFILLED,Core,D2C,App
gid://shopify/Order/7246922711337,#262297,2026-03-26T17:46:56Z,1565.0,1,Delhi,Delhi,India,INR,PAID,UNFULFILLED,Core,D2C,App
gid://shopify/Order/7246922645801,#262296,2026-03-26T17:46:55Z,2533.0,2,Hyderabad,Telangana,India,INR,PAID,UNFULFILLED,Core,D2C,App
gid://shopify/Order/7246920614185,#262292,2026-03-26T17:45:38Z,399.0,1,Bengaluru,Karnataka,India,INR,PAID,UNFULFILLED,Core,D2C,App
gid://shopify/Order/7246919860521,#262290,2026-03-26T17:45:25Z,2492.0,3,Pune,Maharashtra,India,INR,PAID,UNFULFILLED,Core,D2C,App
gid://shopify/Order/7246919336233,#262289,2026-03-26T17:45:09Z,3057.0,2,Mumbai,Maharashtra,India,INR,PAID,UNFULFILLED,Core,D2C,App
gid://shopify/Order/7246919106857,#262288,2026-03-26T17:44:56Z,2644.0,2,Morena,"Madhya Pradesh",India,INR,PAID,UNFULFILLED,Core,D2C,App
gid://shopify/Order/7246918910249,#262286,2026-03-26T17:44:48Z,3593.0,3,Bengaluru,Karnataka,India,INR,PAID,UNFULFILLED,Core,D2C,App
gid://shopify/Order/7246918091049,#262283,2026-03-26T17:44:09Z,5042.0,5,"RUDRAPUR, UTTARAKHAND",Uttarakhand,India,INR,PAID,UNFULFILLED,Core,D2C,App
gid://shopify/Order/7246917861673,#262282,2026-03-26T17:43:55Z,1497.0,1,"Bangalore Division",Karnataka,India,INR,PAID,FULFILLED,BTC,D2C,App
gid://shopify/Order/7246916026665,#262279,2026-03-26T17:42:46Z,1497.0,1,Gurgaon,Haryana,India,INR,PAID,FULFILLED,BTC,D2C,App
gid://shopify/Order/7246915010857,#262277,2026-03-26T17:41:56Z,1827.0,2,Bangalore,Karnataka,India,INR,PAID,UNFULFILLED,Core,D2C,App
gid://shopify/Order/7246914453801,#262274,2026-03-26T17:41:38Z,4768.0,6,Chandigarh,Chandigarh,India,INR,PAID,UNFULFILLED,Core,D2C,App
gid://shopify/Order/7246913667369,#262271,2026-03-26T17:41:01Z,4742.0,6,"Mysore Division",Karnataka,India,INR,PAID,UNFULFILLED,Core,D2C,App
gid://shopify/Order/7246912487721,#262270,2026-03-26T17:40:11Z,2131.0,2,Tiruvallur,"Tamil Nadu",India,INR,PAID,UNFULFILLED,BTC,D2C,App
gid://shopify/Order/7246911701289,#262266,2026-03-26T17:39:40Z,8322.0,9,Ahmedabad,Gujarat,India,INR,PAID,UNFULFILLED,Core,D2C,App
gid://shopify/Order/7246911111465,#262265,2026-03-26T17:39:16Z,6541.0,6,Bangalore,Karnataka,India,INR,PAID,UNFULFILLED,Core,D2C,App
gid://shopify/Order/7246910652713,#262263,2026-03-26T17:38:51Z,3106.0,3,Kolhapur,Maharashtra,India,INR,PAID,UNFULFILLED,Core,D2C,App
gid://shopify/Order/7246910587177,#262262,2026-03-26T17:38:49Z,7665.0,5,Bangalore,Karnataka,India,INR,PAID,UNFULFILLED,Core,D2C,App
gid://shopify/Order/7246910128425,#262261,2026-03-26T17:38:32Z,4987.0,4,Noida,"Uttar Pradesh",India,INR,PAID,UNFULFILLED,Core,D2C,App
gid://shopify/Order/7246909767977,#262260,2026-03-26T17:38:12Z,2597.0,2,Gurgaon,Haryana,India,INR,PAID,UNFULFILLED,Core,D2C,App
gid://shopify/Order/7246909538601,#262258,2026-03-26T17:38:05Z,3035.0,4,Ahmedabad,Gujarat,India,INR,PAID,UNFULFILLED,Core,D2C,App
gid://shopify/Order/7246909473065,#262257,2026-03-26T17:38:04Z,1272.0,1,Kullu,"Himachal Pradesh",India,INR,PAID,UNFULFILLED,Core,D2C,App
gid://shopify/Order/7246908227881,#262255,2026-03-26T17:37:29Z,1801.0,2,Bengaluru,Karnataka,India,INR,PAID,UNFULFILLED,Core,D2C,App
gid://shopify/Order/7246907703593,#262253,2026-03-26T17:37:10Z,2118.0,2,Thane,Maharashtra,India,INR,PAID,PARTIALLY_FULFILLED,Core,D2C,App
gid://shopify/Order/7246907343145,#262252,2026-03-26T17:36:46Z,2776.0,1,Mumbai,Maharashtra,India,INR,PAID,UNFULFILLED,BTC,D2C,App
gid://shopify/Order/7246906196265,#262250,2026-03-26T17:36:12Z,5862.0,7,Jaipur,Rajasthan,India,INR,PAID,UNFULFILLED,Core,D2C,App
gid://shopify/Order/7246906097961,#262249,2026-03-26T17:36:07Z,4932.0,4,Pune,Maharashtra,India,INR,PAID,UNFULFILLED,Core,D2C,App
gid://shopify/Order/7246905803049,#262248,2026-03-26T17:35:54Z,3297.0,2,Gurgaon,Haryana,India,INR,PAID,UNFULFILLED,Core,D2C,App
gid://shopify/Order/7246905770281,#262247,2026-03-26T17:35:54Z,5090.0,4,Mumbai,Maharashtra,India,INR,PAID,UNFULFILLED,Core,D2C,App
gid://shopify/Order/7246904951081,#262243,2026-03-26T17:35:19Z,1524.0,1,Pune,Maharashtra,India,INR,PAID,FULFILLED,Core,D2C,App
gid://shopify/Order/7246903968041,#262239,2026-03-26T17:34:44Z,1461.0,1,K.V.Rangareddy,Telangana,India,INR,PAID,FULFILLED,Core,D2C,App
gid://shopify/Order/7246903247145,#262237,2026-03-26T17:34:16Z,1407.0,1,Lucknow,"Uttar Pradesh",India,INR,PAID,UNFULFILLED,Core,D2C,App
gid://shopify/Order/7246902067497,#262233,2026-03-26T17:33:30Z,2421.0,2,Mumbai,Maharashtra,India,INR,PAID,FULFILLED,Core,D2C,App
gid://shopify/Order/7246901772585,#262232,2026-03-26T17:33:20Z,6080.0,5,Mumbai,Maharashtra,India,INR,PAID,UNFULFILLED,Core,D2C,App
gid://shopify/Order/7246900855081,#262230,2026-03-26T17:32:47Z,1395.0,1,Chennai,"Tamil Nadu",India,INR,PAID,FULFILLED,Core,D2C,App
gid://shopify/Order/7246900330793,#262228,2026-03-26T17:32:26Z,4314.0,5,Mumbai,Maharashtra,India,INR,PAID,FULFILLED,Core,D2C,App
gid://shopify/Order/7246900035881,#262226,2026-03-26T17:32:16Z,5232.0,4,"DAKSHINA KANNADA",Karnataka,India,INR,PAID,FULFILLED,Core,D2C,App
gid://shopify/Order/7246899740969,#262223,2026-03-26T17:32:01Z,1498.0,1,Mumbai,Maharashtra,India,INR,PAID,UNFULFILLED,BTC,D2C,App
gid://shopify/Order/7246899347753,#262222,2026-03-26T17:31:48Z,576.0,1,Jaipur,Rajasthan,India,INR,PAID,FULFILLED,Core,D2C,App
gid://shopify/Order/7246898397481,#262220,2026-03-26T17:31:16Z,4261.0,4,Dehradun,Uttarakhand,India,INR,PAID,UNFULFILLED,Core,D2C,App
gid://shopify/Order/7246897611049,#262217,2026-03-26T17:30:40Z,6842.0,4,Bengaluru,Karnataka,India,INR,PAID,UNFULFILLED,BTC,D2C,App
gid://shopify/Order/7246897119529,#262216,2026-03-26T17:30:26Z,1257.0,1,Ghaziabad,"Uttar Pradesh",India,INR,PAID,UNFULFILLED,BTC,D2C,App
gid://shopify/Order/7246896005417,#262215,2026-03-26T17:29:50Z,4235.0,4,"East Delhi",Delhi,India,INR,PAID,UNFULFILLED,Core,D2C,App
gid://shopify/Order/7246895972649,#262214,2026-03-26T17:29:50Z,2518.0,3,Bangalore,Karnataka,India,INR,PAID,UNFULFILLED,Core,D2C,App
gid://shopify/Order/7246894956841,#262213,2026-03-26T17:29:06Z,4351.0,3,Mumbai,Maharashtra,India,INR,PAID,PARTIALLY_FULFILLED,BTC,D2C,App
gid://shopify/Order/7246894661929,#262211,2026-03-26T17:28:49Z,2679.0,2,Gurugram,Haryana,India,INR,PAID,FULFILLED,Core,D2C,App
gid://shopify/Order/7246893809961,#262209,2026-03-26T17:28:22Z,2866.0,3,THANE,Maharashtra,India,INR,PAID,PARTIALLY_FULFILLED,Core,D2C,App
gid://shopify/Order/7246893252905,#262207,2026-03-26T17:27:59Z,1769.0,2,Nagpur,Maharashtra,India,INR,PAID,PARTIALLY_FULFILLED,Core,D2C,App
gid://shopify/Order/7246893220137,#262206,2026-03-26T17:27:58Z,2883.0,1,"North Goa",Goa,India,INR,PAID,FULFILLED,BTC,D2C,App
gid://shopify/Order/7246892761385,#262205,2026-03-26T17:27:40Z,2539.0,2,Bangalore,Karnataka,India,INR,PAID,FULFILLED,Core,D2C,App
gid://shopify/Order/7246892138793,#262204,2026-03-26T17:27:13Z,998.0,1,"Navi Mumbai",Maharashtra,India,INR,PAID,FULFILLED,Core,D2C,App
gid://shopify/Order/7246891188521,#262202,2026-03-26T17:26:39Z,5514.0,6,Bangalore,Karnataka,India,INR,PAID,UNFULFILLED,Core,D2C,App
gid://shopify/Order/7246890172713,#262200,2026-03-26T17:26:09Z,3756.0,3,Jalandhar,Punjab,India,INR,PAID,FULFILLED,Core,D2C,App
gid://shopify/Order/7246890074409,#262199,2026-03-26T17:26:06Z,2198.0,1,"Navi Mumbai",Maharashtra,India,INR,PAID,FULFILLED,Core,D2C,App
gid://shopify/Order/7246886797609,#262195,2026-03-26T17:23:57Z,7832.0,6,Ludhiana,Punjab,India,INR,PAID,FULFILLED,BTC,D2C,App
gid://shopify/Order/7246886764841,#262194,2026-03-26T17:23:57Z,3465.0,3,Vadodara,Gujarat,India,INR,PAID,PARTIALLY_FULFILLED,Core,D2C,App
gid://shopify/Order/7246886437161,#262191,2026-03-26T17:23:44Z,3460.0,3,Mumbai,Maharashtra,India,INR,PAID,FULFILLED,Core,D2C,App
gid://shopify/Order/7246885847337,#262190,2026-03-26T17:23:13Z,2696.0,3,Bangalore,Karnataka,India,INR,PAID,UNFULFILLED,Core,D2C,App
gid://shopify/Order/7246885650729,#262189,2026-03-26T17:23:09Z,3475.0,4,Raigarh,Maharashtra,India,INR,PAID,UNFULFILLED,Core,D2C,App
gid://shopify/Order/7246884995369,#262188,2026-03-26T17:22:45Z,4170.0,4,Pune,Maharashtra,India,INR,PAID,UNFULFILLED,Core,D2C,App
gid://shopify/Order/7246884438313,#262187,2026-03-26T17:22:26Z,1517.0,2,Bengaluru,Karnataka,India,INR,PAID,UNFULFILLED,Core,D2C,App
gid://shopify/Order/7246883389737,#262185,2026-03-26T17:21:36Z,3782.0,4,hyderabad,Telangana,India,INR,PAID,UNFULFILLED,Core,D2C,App
gid://shopify/Order/7246881227049,#262180,2026-03-26T17:20:14Z,2660.0,2,Bangalore,Karnataka,India,INR,PAID,UNFULFILLED,Core,D2C,App
gid://shopify/Order/7246881030441,#262179,2026-03-26T17:20:05Z,1674.0,2,K.V.Rangareddy,Telangana,India,INR,PAID,FULFILLED,Core,D2C,App
gid://shopify/Order/7246880538921,#262178,2026-03-26T17:19:40Z,2324.0,1,K.V.Rangareddy,Telangana,India,INR,PAID,UNFULFILLED,BTC,D2C,App
gid://shopify/Order/7246880506153,#262177,2026-03-26T17:19:36Z,2045.0,2,"Sahibzada Ajit Singh Nagar",Punjab,India,INR,PAID,PARTIALLY_FULFILLED,Core,D2C,App
gid://shopify/Order/7246880342313,#262176,2026-03-26T17:19:31Z,11809.0,8,Mumbai,Maharashtra,India,INR,PAID,PARTIALLY_FULFILLED,BTC,D2C,App
gid://shopify/Order/7246878966057,#262172,2026-03-26T17:18:37Z,1947.0,2,Barabazar,"West Bengal",India,INR,PAID,UNFULFILLED,Amodira,D2C,App
gid://shopify/Order/7246878769449,#262171,2026-03-26T17:18:32Z,5258.0,5,Pune,Maharashtra,India,INR,PAID,UNFULFILLED,Core,D2C,App
gid://shopify/Order/7246877819177,#262169,2026-03-26T17:18:00Z,1163.0,1,Mumbai,Maharashtra,India,INR,PAID,FULFILLED,Core,D2C,App
gid://shopify/Order/7246877393193,#262168,2026-03-26T17:17:50Z,20938.0,22,Delhi,Delhi,India,INR,PAID,PARTIALLY_FULFILLED,Core,D2C,App
gid://shopify/Order/7246877065513,#262167,2026-03-26T17:17:32Z,1551.0,1,Bangalore,Karnataka,India,INR,PAID,UNFULFILLED,Core,D2C,App
gid://shopify/Order/7246876770601,#262166,2026-03-26T17:17:25Z,3328.0,3,Indore,"Madhya Pradesh",India,INR,PAID,FULFILLED,Core,D2C,App
gid://shopify/Order/7246876311849,#262163,2026-03-26T17:17:01Z,2834.0,2,Pune,Maharashtra,India,INR,PAID,PARTIALLY_FULFILLED,Core,D2C,App
gid://shopify/Order/7246876180777,#262162,2026-03-26T17:16:57Z,6351.0,4,Gurugram,Haryana,India,INR,PAID,UNFULFILLED,Core,D2C,App
gid://shopify/Order/7246875033897,#262159,2026-03-26T17:16:14Z,1371.0,1,"Navi Mumbai",Maharashtra,India,INR,PAID,FULFILLED,Core,D2C,App
gid://shopify/Order/7246875001129,#262158,2026-03-26T17:16:14Z,2403.0,2,"North West Delhi",Delhi,India,INR,PAID,UNFULFILLED,Core,D2C,App
gid://shopify/Order/7246874640681,#262157,2026-03-26T17:16:06Z,1262.0,1,"New Delhi",Delhi,India,INR,PAID,FULFILLED,Core,D2C,App
gid://shopify/Order/7246871920937,#262154,2026-03-26T17:14:31Z,8946.0,6,Bangalore,Karnataka,India,INR,PAID,PARTIALLY_FULFILLED,BTC,D2C,App
gid://shopify/Order/7246870642985,#262151,2026-03-26T17:13:42Z,2041.0,2,Indore,"Madhya Pradesh",India,INR,PAID,FULFILLED,Core,D2C,App
gid://shopify/Order/7246870511913,#262150,2026-03-26T17:13:38Z,2399.0,3,Mumbai,Maharashtra,India,INR,PAID,FULFILLED,Core,D2C,App
gid://shopify/Order/7246870118697,#262149,2026-03-26T17:13:24Z,4199.0,3,Kottayam,Kerala,India,INR,PAID,FULFILLED,Core,D2C,App
gid://shopify/Order/7246869889321,#262148,2026-03-26T17:13:16Z,3473.0,2,Hyderabad,Telangana,India,INR,PAID,UNFULFILLED,BTC,D2C,App
gid://shopify/Order/7246869627177,#262147,2026-03-26T17:13:11Z,2837.0,2,Bangalore,Karnataka,India,INR,PAID,UNFULFILLED,Core,D2C,App
gid://shopify/Order/7246869365033,#262146,2026-03-26T17:13:03Z,3080.0,3,Bengaluru,Karnataka,India,INR,PAID,FULFILLED,Core,D2C,App
gid://shopify/Order/7246869233961,#262145,2026-03-26T17:12:57Z,3298.0,3,Bangalore,Karnataka,India,INR,PAID,UNFULFILLED,Core,D2C,App
gid://shopify/Order/7246868349225,#262142,2026-03-26T17:12:23Z,8702.0,6,Gurugram,Haryana,India,INR,PAID,FULFILLED,Core,D2C,App
gid://shopify/Order/7246867038505,#262141,2026-03-26T17:11:39Z,5156.0,3,Ghaziabad,"Uttar Pradesh",India,INR,PAID,UNFULFILLED,BTC,D2C,App
gid://shopify/Order/7246866415913,#262139,2026-03-26T17:11:17Z,6748.0,5,"Serilingampalle (M)",Telangana,India,INR,PAID,PARTIALLY_FULFILLED,BTC,D2C,App
gid://shopify/Order/7246865662249,#262138,2026-03-26T17:10:54Z,3967.0,4,Vadodara,Gujarat,India,INR,PAID,UNFULFILLED,Core,D2C,App
gid://shopify/Order/7246864974121,#262136,2026-03-26T17:10:19Z,2079.0,1,Chitradurga,Karnataka,India,INR,PAID,UNFULFILLED,Core,D2C,App
gid://shopify/Order/7246864449833,#262135,2026-03-26T17:10:04Z,2705.0,2,"West Delhi",Delhi,India,INR,PAID,UNFULFILLED,BTC,D2C,App
gid://shopify/Order/7246863761705,#262134,2026-03-26T17:09:26Z,2095.0,4,Panchanai,"West Bengal",India,INR,PAID,UNFULFILLED,Core,D2C,App
gid://shopify/Order/7246863171881,#262132,2026-03-26T17:08:52Z,1371.0,1,Mumbai,Maharashtra,India,INR,PAID,UNFULFILLED,Core,D2C,App
gid://shopify/Order/7246862713129,#262130,2026-03-26T17:08:32Z,3297.0,4,Thane,Maharashtra,India,INR,PAID,UNFULFILLED,Core,D2C,App
gid://shopify/Order/7246862156073,#262127,2026-03-26T17:08:14Z,1413.0,1,Mumbai,Maharashtra,India,INR,PAID,FULFILLED,Core,D2C,App
gid://shopify/Order/7246860845353,#262124,2026-03-26T17:07:15Z,1951.0,2,Bangalore,Karnataka,India,INR,PAID,UNFULFILLED,Core,D2C,App
gid://shopify/Order/7246860517673,#262123,2026-03-26T17:06:58Z,2452.0,1,"South Delhi",Delhi,India,INR,PAID,FULFILLED,BTC,D2C,App
gid://shopify/Order/7246860157225,#262120,2026-03-26T17:06:46Z,1160.0,1,"New Delhi",Delhi,India,INR,PAID,UNFULFILLED,Core,D2C,App
gid://shopify/Order/7246859436329,#262117,2026-03-26T17:06:22Z,1088.0,1,"Gautam Buddha Nagar","Uttar Pradesh",India,INR,PAID,UNFULFILLED,Core,D2C,App
gid://shopify/Order/7246859272489,#262115,2026-03-26T17:06:06Z,1009.0,1,Hyderabad,Telangana,India,INR,PAID,FULFILLED,Core,D2C,App
gid://shopify/Order/7246858748201,#262112,2026-03-26T17:05:40Z,5013.0,5,Thane,Maharashtra,India,INR,PAID,PARTIALLY_FULFILLED,BTC,D2C,App
gid://shopify/Order/7246857142569,#262109,2026-03-26T17:04:38Z,7028.0,7,Pune,Maharashtra,India,INR,PAID,PARTIALLY_FULFILLED,Core,D2C,App
gid://shopify/Order/7246854488361,#262106,2026-03-26T17:03:18Z,5248.0,7,Mumbai,Maharashtra,India,INR,PAID,PARTIALLY_FULFILLED,Core,D2C,App
gid://shopify/Order/7246853734697,#262105,2026-03-26T17:02:51Z,6793.0,7,Thane,Maharashtra,India,INR,PAID,UNFULFILLED,Core,D2C,App
gid://shopify/Order/7246853570857,#262104,2026-03-26T17:02:46Z,4567.0,4,Mumbai,Maharashtra,India,INR,PAID,FULFILLED,BTC,D2C,App
gid://shopify/Order/7246853112105,#262101,2026-03-26T17:02:16Z,3881.0,5,"North Delhi",Delhi,India,INR,PAID,UNFULFILLED,Core,D2C,App
gid://shopify/Order/7246852849961,#262100,2026-03-26T17:02:11Z,1640.0,2,"South Goa",Goa,India,INR,PAID,UNFULFILLED,Core,D2C,App
gid://shopify/Order/7246851965225,#262099,2026-03-26T17:01:40Z,852.0,1,BANGALORE,Karnataka,India,INR,PAID,UNFULFILLED,Core,D2C,App
gid://shopify/Order/7246850851113,#262098,2026-03-26T17:01:07Z,3368.0,3,Karnal,Haryana,India,INR,PAID,UNFULFILLED,Core,D2C,App
gid://shopify/Order/7246849835305,#262097,2026-03-26T17:00:37Z,4085.0,4,Ahmedabad,Gujarat,India,INR,PAID,FULFILLED,Core,D2C,App
gid://shopify/Order/7246849769769,#262096,2026-03-26T17:00:34Z,20026.0,19,Ghata,Haryana,India,INR,PAID,UNFULFILLED,Core,D2C,App
gid://shopify/Order/7246849802537,#262095,2026-03-26T17:00:34Z,1065.0,1,Bangalore,Karnataka,India,INR,PAID,FULFILLED,Core,D2C,App
gid://shopify/Order/7246848196905,#262091,2026-03-26T16:59:37Z,4500.0,5,Bangalore,Karnataka,India,INR,PAID,UNFULFILLED,Core,D2C,App
gid://shopify/Order/7246848098601,#262090,2026-03-26T16:59:34Z,4106.0,3,Bangalore,Karnataka,India,INR,PAID,UNFULFILLED,Core,D2C,App
gid://shopify/Order/7246847901993,#262088,2026-03-26T16:59:24Z,1497.0,1,Sihi,Haryana,India,INR,PAID,FULFILLED,BTC,D2C,App
gid://shopify/Order/7246847017257,#262084,2026-03-26T16:58:55Z,762.0,1,Mumbai,Maharashtra,India,INR,PAID,UNFULFILLED,Core,D2C,App
gid://shopify/Order/7246845673769,#262083,2026-03-26T16:58:17Z,1371.0,1,Mumbai,Maharashtra,India,INR,PAID,UNFULFILLED,Core,D2C,App
gid://shopify/Order/7246844231977,#262080,2026-03-26T16:57:17Z,1788.0,1,HYDERABAD,Telangana,India,INR,PAID,FULFILLED,BTC,D2C,App
gid://shopify/Order/7246844002601,#262079,2026-03-26T16:57:05Z,895.0,2,"East Delhi",Delhi,India,INR,PAID,UNFULFILLED,Core,D2C,App
gid://shopify/Order/7246842003753,#262078,2026-03-26T16:55:39Z,578.0,1,Allahabad,"Uttar Pradesh",India,INR,PAID,FULFILLED,Core,D2C,App
gid://shopify/Order/7246840987945,#262076,2026-03-26T16:55:04Z,2146.0,2,Mumbai,Maharashtra,India,INR,PAID,PARTIALLY_FULFILLED,Core,D2C,App
gid://shopify/Order/7246840529193,#262074,2026-03-26T16:54:41Z,1799.0,3,Gurugram,Haryana,India,INR,PAID,UNFULFILLED,Core,D2C,App
gid://shopify/Order/7246840267049,#262073,2026-03-26T16:54:27Z,840.0,1,"South West Delhi",Delhi,India,INR,PAID,UNFULFILLED,Core,D2C,App
gid://shopify/Order/7246839939369,#262070,2026-03-26T16:54:10Z,6796.0,8,Bangalore,Karnataka,India,INR,PAID,PARTIALLY_FULFILLED,Core,D2C,App
gid://shopify/Order/7246839841065,#262069,2026-03-26T16:54:05Z,7502.0,4,Mumbai,Maharashtra,India,INR,PAID,FULFILLED,BTC,D2C,App
gid://shopify/Order/7246839152937,#262065,2026-03-26T16:53:41Z,1497.0,1,Mumbai,Maharashtra,India,INR,PAID,FULFILLED,BTC,D2C,App
gid://shopify/Order/7246837514537,#262063,2026-03-26T16:52:45Z,1970.0,2,MUMBAI,Maharashtra,India,INR,PAID,PARTIALLY_FULFILLED,Core,D2C,App
gid://shopify/Order/7246837055785,#262062,2026-03-26T16:52:28Z,2102.0,2,Bangalore,Karnataka,India,INR,PAID,UNFULFILLED,Core,D2C,App
gid://shopify/Order/7246836629801,#262061,2026-03-26T16:52:16Z,3842.0,3,"JABALPUR ","Madhya Pradesh",India,INR,PAID,UNFULFILLED,Core,D2C,App
gid://shopify/Order/7246835646761,#262058,2026-03-26T16:51:41Z,942.0,1,"West Delhi",Delhi,India,INR,PAID,FULFILLED,BTC,D2C,App
gid://shopify/Order/7246835450153,#262057,2026-03-26T16:51:29Z,4672.0,4,Mumbai,Maharashtra,India,INR,PAID,UNFULFILLED,Core,D2C,Web
gid://shopify/Order/7246835056937,#262055,2026-03-26T16:51:15Z,5867.0,4,Mumbai,Maharashtra,India,INR,PAID,UNFULFILLED,Core,D2C,App
gid://shopify/Order/7246834827561,#262054,2026-03-26T16:51:11Z,2079.0,1,Delhi,Delhi,India,INR,PAID,UNFULFILLED,Core,D2C,App
gid://shopify/Order/7246834794793,#262053,2026-03-26T16:51:11Z,1123.0,1,Bengaluru,Karnataka,India,INR,PAID,UNFULFILLED,Core,D2C,App
gid://shopify/Order/7246834630953,#262052,2026-03-26T16:51:05Z,649.0,1,NAWANSHAHR,Punjab,India,INR,PAID,FULFILLED,Core,D2C,App
gid://shopify/Order/7246834204969,#262051,2026-03-26T16:50:45Z,1747.0,2,Thane,Maharashtra,India,INR,PAID,FULFILLED,Core,D2C,App
gid://shopify/Order/7246832206121,#262046,2026-03-26T16:49:32Z,6737.0,4,Mumbai,Maharashtra,India,INR,PAID,PARTIALLY_FULFILLED,BTC,D2C,App
gid://shopify/Order/7246831419689,#262044,2026-03-26T16:49:04Z,3907.0,3,"Dakshina Kannada",Karnataka,India,INR,PAID,UNFULFILLED,Core,D2C,App
gid://shopify/Order/7246831124777,#262042,2026-03-26T16:48:54Z,1814.0,1,Thane,Maharashtra,India,INR,PAID,UNFULFILLED,BTC,D2C,App
gid://shopify/Order/7246831092009,#262041,2026-03-26T16:48:54Z,10227.0,8,Indore,"Madhya Pradesh",India,INR,PAID,UNFULFILLED,Core,D2C,App
gid://shopify/Order/7246830207273,#262039,2026-03-26T16:48:21Z,6882.0,6,Haralur,Karnataka,India,INR,PAID,UNFULFILLED,Core,D2C,Web
gid://shopify/Order/7246829912361,#262038,2026-03-26T16:48:12Z,4190.0,3,Medak,Telangana,India,INR,PAID,UNFULFILLED,Core,D2C,App
gid://shopify/Order/7246829650217,#262037,2026-03-26T16:48:01Z,6420.0,4,Pune,Maharashtra,India,INR,PAID,UNFULFILLED,Core,D2C,App
gid://shopify/Order/7246828339497,#262034,2026-03-26T16:47:08Z,5039.0,4,Mumbai,Maharashtra,India,INR,PAID,UNFULFILLED,BTC,D2C,App
gid://shopify/Order/7246827192617,#262030,2026-03-26T16:46:11Z,517.0,1,"Dakshina Kannada",Karnataka,India,INR,PAID,FULFILLED,Core,D2C,App
gid://shopify/Order/7246826176809,#262027,2026-03-26T16:45:23Z,5229.0,6,Chennai,"Tamil Nadu",India,INR,PAID,UNFULFILLED,Core,D2C,App
gid://shopify/Order/7246825947433,#262026,2026-03-26T16:45:15Z,1050.0,1,Surat,Gujarat,India,INR,PAID,UNFULFILLED,Core,D2C,App
gid://shopify/Order/7246825881897,#262025,2026-03-26T16:45:14Z,1901.0,3,Mumbai,Maharashtra,India,INR,PAID,UNFULFILLED,Core,D2C,App
gid://shopify/Order/7246825718057,#262024,2026-03-26T16:45:10Z,1630.0,2,Bangalore,Karnataka,India,INR,PAID,UNFULFILLED,Core,D2C,App
gid://shopify/Order/7246824997161,#262022,2026-03-26T16:44:29Z,1398.0,1,Thane,Maharashtra,India,INR,PAID,FULFILLED,BTC,D2C,App
gid://shopify/Order/7246824800553,#262021,2026-03-26T16:44:24Z,3440.0,4,"North West Delhi",Delhi,India,INR,PAID,UNFULFILLED,Core,D2C,App
gid://shopify/Order/7246824440105,#262020,2026-03-26T16:44:08Z,3486.0,2,Pune,Maharashtra,India,INR,PAID,FULFILLED,Core,D2C,App
gid://shopify/Order/7246823719209,#262019,2026-03-26T16:43:45Z,2099.0,1,Pune,Maharashtra,India,INR,PAID,FULFILLED,Core,D2C,App
gid://shopify/Order/7246822736169,#262014,2026-03-26T16:43:03Z,1994.0,2,"North 24 Parganas","West Bengal",India,INR,PAID,UNFULFILLED,Core,D2C,App
gid://shopify/Order/7246822342953,#262012,2026-03-26T16:42:53Z,5723.0,4,Pune,Maharashtra,India,INR,PAID,UNFULFILLED,Core,D2C,App
gid://shopify/Order/7246822080809,#262008,2026-03-26T16:42:40Z,8908.0,5,Thane,Maharashtra,India,INR,PAID,UNFULFILLED,BTC,D2C,App
gid://shopify/Order/7246821753129,#262007,2026-03-26T16:42:27Z,994.0,1,Delhi,Delhi,India,INR,PAID,UNFULFILLED,Core,D2C,App
gid://shopify/Order/7246821622057,#262006,2026-03-26T16:42:21Z,12144.0,7,Bengaluru,Karnataka,India,INR,PAID,UNFULFILLED,BTC,D2C,App
gid://shopify/Order/7246819787049,#262002,2026-03-26T16:41:01Z,10909.0,10,"Serilingampalle (M)",Telangana,India,INR,PAID,UNFULFILLED,Core,D2C,App
gid://shopify/Order/7246818345257,#261998,2026-03-26T16:40:01Z,4807.0,3,Ahmedabad,Gujarat,India,INR,PAID,PARTIALLY_FULFILLED,BTC,D2C,App
gid://shopify/Order/7246818083113,#261997,2026-03-26T16:39:41Z,8672.0,8,Visakhapatnam,"Andhra Pradesh",India,INR,PAID,UNFULFILLED,Core,D2C,App
gid://shopify/Order/7246817853737,#261996,2026-03-26T16:39:31Z,1939.0,2,Pune,Maharashtra,India,INR,PAID,FULFILLED,Core,D2C,App
gid://shopify/Order/7246817755433,#261995,2026-03-26T16:39:29Z,1262.0,1,Mamuara,Gujarat,India,INR,PAID,FULFILLED,Core,D2C,App
gid://shopify/Order/7246817427753,#261994,2026-03-26T16:39:16Z,1773.0,3,Bangalore,Karnataka,India,INR,PAID,UNFULFILLED,Core,D2C,App
gid://shopify/Order/7246816903465,#261990,2026-03-26T16:38:51Z,4483.0,5,Mumbai,Maharashtra,India,INR,PAID,UNFULFILLED,Core,D2C,App
gid://shopify/Order/7246815887657,#261988,2026-03-26T16:38:09Z,3341.0,3,Medak,Telangana,India,INR,PAID,FULFILLED,Core,D2C,App
gid://shopify/Order/7246815691049,#261987,2026-03-26T16:38:04Z,2043.0,3,Thane,Maharashtra,India,INR,PAID,UNFULFILLED,Core,D2C,App
gid://shopify/Order/7246815396137,#261985,2026-03-26T16:37:52Z,4104.0,4,Bangalore,Karnataka,India,INR,PAID,UNFULFILLED,Core,D2C,App
gid://shopify/Order/7246814576937,#261981,2026-03-26T16:37:19Z,3653.0,5,Bangalore,Karnataka,India,INR,PAID,UNFULFILLED,Core,D2C,App
gid://shopify/Order/7246814314793,#261980,2026-03-26T16:37:14Z,4945.0,6,Surat,Gujarat,India,INR,PAID,UNFULFILLED,Core,D2C,App
gid://shopify/Order/7246813528361,#261979,2026-03-26T16:36:39Z,8426.0,6,Mumbai,Maharashtra,India,INR,PAID,UNFULFILLED,BTC,D2C,App
gid://shopify/Order/7246813364521,#261978,2026-03-26T16:36:30Z,2080.0,2,"Navi Mumbai",Maharashtra,India,INR,PAID,UNFULFILLED,Core,D2C,App
gid://shopify/Order/7246812545321,#261976,2026-03-26T16:36:08Z,2985.0,5,Manipal,Karnataka,India,INR,PAID,UNFULFILLED,Core,D2C,App
gid://shopify/Order/7246812283177,#261975,2026-03-26T16:35:59Z,1067.0,1,Surat,Gujarat,India,INR,PAID,UNFULFILLED,Core,D2C,App
gid://shopify/Order/7246811726121,#261973,2026-03-26T16:35:37Z,3486.0,5,Jalandhar,Punjab,India,INR,PAID,PARTIALLY_FULFILLED,Core,D2C,App
gid://shopify/Order/7246811463977,#261972,2026-03-26T16:35:27Z,2350.0,2,Faridabad,Haryana,India,INR,PAID,UNFULFILLED,Core,D2C,App
gid://shopify/Order/7246810612009,#261969,2026-03-26T16:34:45Z,2198.0,1,Mysore,Karnataka,India,INR,PAID,UNFULFILLED,Core,D2C,App
gid://shopify/Order/7246810546473,#261968,2026-03-26T16:34:44Z,1966.0,3,Bangalore,Karnataka,India,INR,PAID,UNFULFILLED,Core,D2C,App
gid://shopify/Order/7246810415401,#261967,2026-03-26T16:34:36Z,2954.0,3,Gurgaon,Haryana,India,INR,PAID,UNFULFILLED,Core,D2C,App
gid://shopify/Order/7246809923881,#261964,2026-03-26T16:34:26Z,7037.0,5,Bangalore,Karnataka,India,INR,PAID,UNFULFILLED,BTC,D2C,App
gid://shopify/Order/7246808056105,#261960,2026-03-26T16:32:54Z,1657.0,1,Nashik,Maharashtra,India,INR,PAID,UNFULFILLED,Core,D2C,App
gid://shopify/Order/7246807269673,#261958,2026-03-26T16:32:15Z,2822.0,3,Bangalore,Karnataka,India,INR,PAID,UNFULFILLED,Core,D2C,App
gid://shopify/Order/7246807040297,#261956,2026-03-26T16:32:08Z,2744.0,2,Mumbai,Maharashtra,India,INR,PAID,UNFULFILLED,Core,D2C,App
gid://shopify/Order/7246807007529,#261955,2026-03-26T16:32:07Z,6513.0,5,Chennai,"Tamil Nadu",India,INR,PAID,UNFULFILLED,Core,D2C,App
gid://shopify/Order/7246806548777,#261954,2026-03-26T16:31:52Z,4181.0,3,Mumbai,Maharashtra,India,INR,PAID,UNFULFILLED,BTC,D2C,App
gid://shopify/Order/7246806253865,#261953,2026-03-26T16:31:43Z,1493.0,2,Bangalore,Karnataka,India,INR,PAID,UNFULFILLED,Core,D2C,App
gid://shopify/Order/7246805598505,#261950,2026-03-26T16:31:25Z,983.0,1,Hyderabad,Telangana,India,INR,PAID,UNFULFILLED,Core,D2C,App
gid://shopify/Order/7246805565737,#261949,2026-03-26T16:31:25Z,4361.0,3,Hyderabad,Telangana,India,INR,PAID,UNFULFILLED,Core,D2C,App
gid://shopify/Order/7246804943145,#261947,2026-03-26T16:30:53Z,2251.0,2,Mumbai,Maharashtra,India,INR,PAID,UNFULFILLED,Core,D2C,App
gid://shopify/Order/7246804386089,#261944,2026-03-26T16:30:30Z,1262.0,1,Gurugram,Haryana,India,INR,PAID,FULFILLED,Core,D2C,App
gid://shopify/Order/7246804353321,#261943,2026-03-26T16:30:30Z,5973.0,9,Chennai,"Tamil Nadu",India,INR,PAID,PARTIALLY_FULFILLED,Core,D2C,App
gid://shopify/Order/7246803960105,#261942,2026-03-26T16:30:21Z,998.0,1,Bengaluru,Karnataka,India,INR,PAID,UNFULFILLED,Core,D2C,App
gid://shopify/Order/7246802747689,#261940,2026-03-26T16:29:37Z,1001.0,1,Bangalore,Karnataka,India,INR,PAID,UNFULFILLED,Core,D2C,App
gid://shopify/Order/7246800617769,#261935,2026-03-26T16:28:13Z,1660.0,1,Mumbai,Maharashtra,India,INR,PAID,FULFILLED,Core,D2C,App
gid://shopify/Order/7246800290089,#261934,2026-03-26T16:28:02Z,3205.0,4,Kodagu,Karnataka,India,INR,PAID,UNFULFILLED,Core,D2C,App
gid://shopify/Order/7246799798569,#261933,2026-03-26T16:27:41Z,3778.0,3,Bangalore,Karnataka,India,INR,PAID,PARTIALLY_FULFILLED,Core,D2C,App
gid://shopify/Order/7246799110441,#261930,2026-03-26T16:27:17Z,1407.0,1,Bangalore,Karnataka,India,INR,PAID,FULFILLED,Core,D2C,App
gid://shopify/Order/7246798913833,#261929,2026-03-26T16:27:09Z,2066.0,2,Gwalior,"Madhya Pradesh",India,INR,PAID,FULFILLED,Core,D2C,App
gid://shopify/Order/7246797537577,#261925,2026-03-26T16:26:24Z,6522.0,5,"North West Delhi",Delhi,India,INR,PAID,UNFULFILLED,Core,D2C,App
gid://shopify/Order/7246797013289,#261923,2026-03-26T16:25:57Z,2731.0,2,Bangalore,Karnataka,India,INR,PAID,PARTIALLY_FULFILLED,Core,D2C,App
gid://shopify/Order/7246796390697,#261920,2026-03-26T16:25:27Z,14044.0,13,Bangalore,Karnataka,India,INR,PAID,UNFULFILLED,Core,D2C,App
gid://shopify/Order/7246796325161,#261919,2026-03-26T16:25:27Z,3717.0,4,Bangalore,Karnataka,India,INR,PAID,PARTIALLY_FULFILLED,Core,D2C,App
gid://shopify/Order/7246795702569,#261917,2026-03-26T16:25:10Z,1784.0,1,Bangalore,Karnataka,India,INR,PAID,FULFILLED,Core,D2C,App
gid://shopify/Order/7246795538729,#261915,2026-03-26T16:25:05Z,2837.0,3,Bengaluru,Karnataka,India,INR,PAID,UNFULFILLED,Core,D2C,App
gid://shopify/Order/7246795505961,#261914,2026-03-26T16:25:05Z,2700.0,3,Pune,Maharashtra,India,INR,PAID,UNFULFILLED,Core,D2C,App
gid://shopify/Order/7246795374889,#261913,2026-03-26T16:24:57Z,4385.0,3,Lathikata,Odisha,India,INR,PAID,UNFULFILLED,Core,D2C,App
gid://shopify/Order/7246795112745,#261911,2026-03-26T16:24:51Z,3151.0,3,Surat,Gujarat,India,INR,PAID,UNFULFILLED,Core,D2C,App
gid://shopify/Order/7246794948905,#261910,2026-03-26T16:24:45Z,1838.0,2,Ahmedabad,Gujarat,India,INR,PAID,PARTIALLY_FULFILLED,Core,D2C,App
gid://shopify/Order/7246794850601,#261909,2026-03-26T16:24:42Z,1949.0,2,Agartala,Tripura,India,INR,PAID,PARTIALLY_FULFILLED,Core,D2C,App
gid://shopify/Order/7246794391849,#261907,2026-03-26T16:24:20Z,3321.0,3,Ahmedabad,Gujarat,India,INR,PAID,PARTIALLY_FULFILLED,Core,D2C,App
gid://shopify/Order/7246794359081,#261906,2026-03-26T16:24:20Z,3657.0,4,Gurgaon,Haryana,India,INR,PAID,UNFULFILLED,Core,D2C,App
gid://shopify/Order/7246793572649,#261905,2026-03-26T16:23:40Z,2708.0,3,Chandigarh,Chandigarh,India,INR,PAID,UNFULFILLED,Core,D2C,App
gid://shopify/Order/7246793212201,#261904,2026-03-26T16:23:20Z,4438.0,5,Visakhapatnam,"Andhra Pradesh",India,INR,PAID,UNFULFILLED,Core,D2C,App
gid://shopify/Order/7246793179433,#261903,2026-03-26T16:23:18Z,6233.0,6,"मुंबई",Maharashtra,India,INR,PAID,UNFULFILLED,Core,D2C,App
gid://shopify/Order/7246791999785,#261901,2026-03-26T16:22:43Z,2142.0,1,Dhanbad,Jharkhand,India,INR,PAID,FULFILLED,Core,D2C,App
gid://shopify/Order/7246791409961,#261899,2026-03-26T16:22:29Z,7514.0,8,Bangalore,Karnataka,India,INR,PAID,UNFULFILLED,Core,D2C,App
gid://shopify/Order/7246790951209,#261898,2026-03-26T16:22:16Z,3380.0,3,Mumbai,Maharashtra,India,INR,PAID,UNFULFILLED,Core,D2C,App
gid://shopify/Order/7246790918441,#261897,2026-03-26T16:22:13Z,999.0,1,Bangalore,Karnataka,India,INR,PAID,UNFULFILLED,Core,D2C,App
gid://shopify/Order/7246790689065,#261896,2026-03-26T16:22:04Z,2079.0,1,Nashik,Maharashtra,India,INR,PAID,FULFILLED,Core,D2C,App
gid://shopify/Order/7246790590761,#261895,2026-03-26T16:22:02Z,2439.0,3,Bhiwadi,Rajasthan,India,INR,PAID,FULFILLED,Core,D2C,App
gid://shopify/Order/7246790197545,#261894,2026-03-26T16:21:47Z,4584.0,3,Mumbai,Maharashtra,India,INR,PAID,UNFULFILLED,Core,D2C,App
gid://shopify/Order/7246790000937,#261893,2026-03-26T16:21:39Z,1873.0,2,Hooghly,"West Bengal",India,INR,PAID,UNFULFILLED,Core,D2C,App
gid://shopify/Order/7246789968169,#261892,2026-03-26T16:21:39Z,1406.0,1,Mumbai,Maharashtra,India,INR,PAID,FULFILLED,Core,D2C,App
gid://shopify/Order/7246788460841,#261888,2026-03-26T16:20:31Z,6159.0,5,"South Goa",Goa,India,INR,PAID,UNFULFILLED,Core,D2C,App
gid://shopify/Order/7246787608873,#261886,2026-03-26T16:20:06Z,3215.0,3,Medak,Telangana,India,INR,PAID,UNFULFILLED,Core,D2C,App
gid://shopify/Order/7246787412265,#261884,2026-03-26T16:19:54Z,2625.0,4,Navsari,Gujarat,India,INR,PAID,UNFULFILLED,Core,D2C,App
gid://shopify/Order/7246787215657,#261881,2026-03-26T16:19:48Z,1695.0,2,Panchkula,Haryana,India,INR,PAID,UNFULFILLED,Core,D2C,App
gid://shopify/Order/7246786363689,#261879,2026-03-26T16:19:21Z,3657.0,3,"East Delhi",Delhi,India,INR,PAID,UNFULFILLED,Core,D2C,App
gid://shopify/Order/7246785610025,#261877,2026-03-26T16:18:59Z,10356.0,9,"Imphal West",Manipur,India,INR,PAID,UNFULFILLED,Core,D2C,App
gid://shopify/Order/7246785347881,#261876,2026-03-26T16:18:53Z,1212.0,1,Mumbai,Maharashtra,India,INR,PAID,FULFILLED,Core,D2C,App
gid://shopify/Order/7246784790825,#261875,2026-03-26T16:18:35Z,3625.0,4,Mumbai,Maharashtra,India,INR,PAID,PARTIALLY_FULFILLED,Core,D2C,App
gid://shopify/Order/7246784561449,#261874,2026-03-26T16:18:25Z,1407.0,1,Kurnool,"Andhra Pradesh",India,INR,PAID,FULFILLED,Core,D2C,App
gid://shopify/Order/7246784037161,#261872,2026-03-26T16:18:02Z,5644.0,4,Bangalore,Karnataka,India,INR,PAID,UNFULFILLED,Core,D2C,App
gid://shopify/Order/7246783611177,#261871,2026-03-26T16:17:47Z,1980.0,1,Thane,Maharashtra,India,INR,PAID,FULFILLED,Core,D2C,App
gid://shopify/Order/7246783447337,#261870,2026-03-26T16:17:42Z,12867.0,12,Bengaluru,Karnataka,India,INR,PAID,UNFULFILLED,Core,D2C,App
gid://shopify/Order/7246782464297,#261867,2026-03-26T16:17:07Z,3483.0,5,"West Delhi",Delhi,India,INR,PAID,UNFULFILLED,Core,D2C,App
gid://shopify/Order/7246782365993,#261866,2026-03-26T16:17:06Z,3089.0,3,Mohali,Punjab,India,INR,PAID,UNFULFILLED,Core,D2C,App
gid://shopify/Order/7246782136617,#261865,2026-03-26T16:16:58Z,3370.0,3,"Gautam Buddha Nagar","Uttar Pradesh",India,INR,PAID,UNFULFILLED,Core,D2C,App
gid://shopify/Order/7246781415721,#261862,2026-03-26T16:16:38Z,4828.0,4,"Navi Mumbai",Maharashtra,India,INR,PAID,UNFULFILLED,Core,D2C,App
gid://shopify/Order/7246780662057,#261858,2026-03-26T16:16:11Z,6368.0,5,"East Godavari","Andhra Pradesh",India,INR,PAID,UNFULFILLED,Core,D2C,App
gid://shopify/Order/7246780465449,#261856,2026-03-26T16:16:01Z,12549.0,13,Pune,Maharashtra,India,INR,PAID,UNFULFILLED,Core,D2C,App
gid://shopify/Order/7246779875625,#261852,2026-03-26T16:15:47Z,10920.0,12,"Gautam Buddha Nagar","Uttar Pradesh",India,INR,PAID,PARTIALLY_FULFILLED,Core,D2C,App
gid://shopify/Order/7246779253033,#261849,2026-03-26T16:15:24Z,7201.0,7,Patiala,Punjab,India,INR,PAID,PARTIALLY_FULFILLED,Core,D2C,App
gid://shopify/Order/7246779023657,#261848,2026-03-26T16:15:09Z,6059.0,6,Prayagraj,"Uttar Pradesh",India,INR,PAID,UNFULFILLED,Core,D2C,App
gid://shopify/Order/7246778695977,#261846,2026-03-26T16:14:54Z,1067.0,1,"South West Delhi",Delhi,India,INR,PAID,UNFULFILLED,Core,D2C,App
gid://shopify/Order/7246777483561,#261843,2026-03-26T16:14:08Z,17510.0,9,Mumbai,Maharashtra,India,INR,PAID,UNFULFILLED,BTC,D2C,App
gid://shopify/Order/7246777123113,#261840,2026-03-26T16:13:56Z,1203.0,1,Visakhapatnam,"Andhra Pradesh",India,INR,PAID,UNFULFILLED,Core,D2C,App
gid://shopify/Order/7246776926505,#261839,2026-03-26T16:13:51Z,1019.0,1,Bengaluru,Karnataka,India,INR,PAID,UNFULFILLED,Core,D2C,App
gid://shopify/Order/7246776893737,#261838,2026-03-26T16:13:51Z,998.0,1,Jaipur,Rajasthan,India,INR,PAID,UNFULFILLED,Core,D2C,App
gid://shopify/Order/7246776598825,#261837,2026-03-26T16:13:42Z,3627.0,3,Bangalore,Karnataka,India,INR,PAID,UNFULFILLED,Core,D2C,App
gid://shopify/Order/7246775976233,#261835,2026-03-26T16:13:20Z,5847.0,6,Delhi,Delhi,India,INR,PAID,UNFULFILLED,Core,D2C,App
gid://shopify/Order/7246775779625,#261833,2026-03-26T16:13:17Z,2169.0,2,Surat,Gujarat,India,INR,PAID,FULFILLED,Core,D2C,App
gid://shopify/Order/7246774567209,#261831,2026-03-26T16:12:20Z,4507.0,5,BANGALORE,Karnataka,India,INR,PAID,PARTIALLY_FULFILLED,Core,D2C,Web
gid://shopify/Order/7246774501673,#261830,2026-03-26T16:12:17Z,4461.0,4,Udaipur,Rajasthan,India,INR,PAID,UNFULFILLED,Core,D2C,App
gid://shopify/Order/7246774141225,#261829,2026-03-26T16:12:03Z,1125.0,2,"South Delhi",Delhi,India,INR,PAID,PARTIALLY_FULFILLED,Core,D2C,App
gid://shopify/Order/7246774042921,#261828,2026-03-26T16:11:57Z,751.0,1,"Gautam Buddha Nagar","Uttar Pradesh",India,INR,PAID,UNFULFILLED,Core,D2C,App
gid://shopify/Order/7246773682473,#261827,2026-03-26T16:11:47Z,3972.0,3,Faridabad,Haryana,India,INR,PAID,UNFULFILLED,Core,D2C,App
gid://shopify/Order/7246773322025,#261824,2026-03-26T16:11:22Z,1463.0,1,MORADABAD,"Uttar Pradesh",India,INR,PAID,FULFILLED,Core,D2C,App
gid://shopify/Order/7246772699433,#261822,2026-03-26T16:10:57Z,2241.0,2,Mumbai,Maharashtra,India,INR,PAID,FULFILLED,Core,D2C,App
gid://shopify/Order/7246772273449,#261821,2026-03-26T16:10:47Z,1865.0,2,Mumbai,Maharashtra,India,INR,PAID,FULFILLED,Core,D2C,App
gid://shopify/Order/7246772076841,#261820,2026-03-26T16:10:37Z,1975.0,2,Ajmer,Rajasthan,India,INR,PAID,FULFILLED,Core,D2C,App
gid://shopify/Order/7246771585321,#261818,2026-03-26T16:10:11Z,1198.0,1,Bengaluru,Karnataka,India,INR,PAID,UNFULFILLED,Core,D2C,App
gid://shopify/Order/7246771454249,#261817,2026-03-26T16:10:08Z,4291.0,4,Mumbai,Maharashtra,India,INR,PAID,UNFULFILLED,Core,D2C,App
gid://shopify/Order/7246769520937,#261816,2026-03-26T16:09:19Z,4434.0,4,Bangalore,Karnataka,India,INR,PAID,FULFILLED,Core,D2C,App
gid://shopify/Order/7246768603433,#261814,2026-03-26T16:08:39Z,3437.0,5,Bangalore,Karnataka,India,INR,PAID,UNFULFILLED,Core,D2C,App
gid://shopify/Order/7246768406825,#261813,2026-03-26T16:08:27Z,1889.0,2,KOLKATA,"West Bengal",India,INR,PAID,PARTIALLY_FULFILLED,Core,D2C,App
gid://shopify/Order/7246767948073,#261812,2026-03-26T16:08:02Z,4388.0,3,Pune,Maharashtra,India,INR,PAID,FULFILLED,Core,D2C,App
gid://shopify/Order/7246766637353,#261810,2026-03-26T16:06:52Z,299.0,1,"South Delhi",Delhi,India,INR,PAID,UNFULFILLED,Amodira,D2C,App
gid://shopify/Order/7246766440745,#261809,2026-03-26T16:06:47Z,1058.0,1,"Bilaspur (HP)","Himachal Pradesh",India,INR,PAID,UNFULFILLED,Core,D2C,App
gid://shopify/Order/7246764081449,#261806,2026-03-26T16:05:23Z,994.0,2,Mumbai,Maharashtra,India,INR,PAID,FULFILLED,Core,D2C,App
gid://shopify/Order/7246760444201,#261803,2026-03-26T16:03:12Z,1885.0,2,Nizamabad,Telangana,India,INR,PAID,PARTIALLY_FULFILLED,Core,D2C,App
gid://shopify/Order/7246760313129,#EXC_259933.4,2026-03-26T16:03:07Z,1478.25,1,Mumbai,Maharashtra,India,INR,PAID,UNFULFILLED,Core,D2C,Unknown
gid://shopify/Order/7246757888297,#261801,2026-03-26T16:01:31Z,1498.0,1,Bangalore,Karnataka,India,INR,PAID,FULFILLED,BTC,D2C,App
gid://shopify/Order/7246757691689,#261800,2026-03-26T16:01:23Z,398.0,2,Dehradun,Uttarakhand,India,INR,PAID,UNFULFILLED,Amodira,D2C,App
gid://shopify/Order/7246755594537,#261797,2026-03-26T16:00:03Z,5388.0,4,Faridabad,Haryana,India,INR,PAID,PARTIALLY_FULFILLED,Core,D2C,App
gid://shopify/Order/7246753366313,#261794,2026-03-26T15:58:29Z,1897.0,2,"North West Delhi",Delhi,India,INR,PAID,UNFULFILLED,Core,D2C,App
gid://shopify/Order/7246752121129,#261792,2026-03-26T15:57:32Z,1756.0,1,Pune,Maharashtra,India,INR,PAID,FULFILLED,Core,D2C,App
gid://shopify/Order/7246748287273,#261787,2026-03-26T15:54:30Z,2500.0,2,Surat,Gujarat,India,INR,PAID,FULFILLED,BTC,D2C,App
gid://shopify/Order/7246747828521,#261786,2026-03-26T15:54:10Z,1012.0,1,Kurnool,"Andhra Pradesh",India,INR,PAID,FULFILLED,Core,D2C,App
gid://shopify/Order/7246739767593,#261779,2026-03-26T15:48:20Z,3141.0,2,"Gautam Buddha Nagar","Uttar Pradesh",India,INR,PAID,UNFULFILLED,BTC,D2C,App
gid://shopify/Order/7246736163113,#261775,2026-03-26T15:45:27Z,4106.0,4,Faridabad,Haryana,India,INR,PAID,UNFULFILLED,Core,D2C,App
gid://shopify/Order/7246723088681,#261770,2026-03-26T15:35:41Z,2523.0,2,K.V.Rangareddy,Telangana,India,INR,PAID,FULFILLED,Core,D2C,App
gid://shopify/Order/7246720139561,#261769,2026-03-26T15:33:24Z,899.0,1,"Gautam Buddha Nagar","Uttar Pradesh",India,INR,PAID,UNFULFILLED,Core,D2C,App
gid://shopify/Order/7246719975721,#261768,2026-03-26T15:33:19Z,2696.0,3,Bengaluru,Karnataka,India,INR,PAID,UNFULFILLED,Core,D2C,App
gid://shopify/Order/7246718730537,#261766,2026-03-26T15:32:18Z,1642.2,2,Bengaluru,Karnataka,India,INR,PAID,UNFULFILLED,Core,D2C,App
gid://shopify/Order/7246712602921,#261765,2026-03-26T15:27:55Z,4418.0,3,"New Delhi",Delhi,India,INR,PAID,FULFILLED,Core,D2C,App
gid://shopify/Order/7246709981481,#261763,2026-03-26T15:25:49Z,7579.0,7,Bangalore,Karnataka,India,INR,PAID,UNFULFILLED,Core,D2C,App
gid://shopify/Order/7246705492265,#261758,2026-03-26T15:22:37Z,1763.0,1,Pimpri-Chinchwad,Maharashtra,India,INR,PAID,UNFULFILLED,BTC,D2C,App
gid://shopify/Order/7246701855017,#261756,2026-03-26T15:20:04Z,1709.0,1,Mumbai,Maharashtra,India,INR,PAID,FULFILLED,BTC,D2C,App
gid://shopify/Order/7246694973737,#261752,2026-03-26T15:14:20Z,1937.0,2,Bangalore,Karnataka,India,INR,PAID,UNFULFILLED,Core,D2C,App
gid://shopify/Order/7246686617897,#261749,2026-03-26T15:08:02Z,1135.0,1,Bangalore,Karnataka,India,INR,PAID,UNFULFILLED,Core,D2C,App
gid://shopify/Order/7246677770537,#261747,2026-03-26T15:02:03Z,1709.0,2,Kolkata,"West Bengal",India,INR,PAID,UNFULFILLED,Core,D2C,App
gid://shopify/Order/7246676754729,#261746,2026-03-26T15:01:27Z,1081.0,1,Balangir,Odisha,India,INR,PAID,FULFILLED,Core,D2C,App
gid://shopify/Order/7246676525353,#261745,2026-03-26T15:01:15Z,2009.0,2,Mumbai,Maharashtra,India,INR,PAID,UNFULFILLED,Core,D2C,App
gid://shopify/Order/7246673445161,#261744,2026-03-26T14:59:01Z,498.0,1,Thanjavur,"Tamil Nadu",India,INR,PAID,FULFILLED,Core,D2C,Web
gid://shopify/Order/7246673281321,#261742,2026-03-26T14:58:56Z,6779.0,4,Bangalore,Karnataka,India,INR,PAID,FULFILLED,BTC,D2C,App
gid://shopify/Order/7246669775145,#261741,2026-03-26T14:56:04Z,2884.0,2,Rourkela,Odisha,India,INR,PAID,FULFILLED,BTC,D2C,App
gid://shopify/Order/7246668169513,#261740,2026-03-26T14:54:50Z,2522.0,2,Hosur,"Tamil Nadu",India,INR,PAID,PARTIALLY_FULFILLED,Core,D2C,App
gid://shopify/Order/7246660632873,#261739,2026-03-26T14:48:53Z,4565.0,4,Bangalore,Karnataka,India,INR,PAID,PARTIALLY_FULFILLED,Core,D2C,App
gid://shopify/Order/7246657749289,#261736,2026-03-26T14:46:36Z,5201.0,4,Mumbai,Maharashtra,India,INR,PAID,PARTIALLY_FULFILLED,BTC,D2C,App
gid://shopify/Order/7246651719977,#261732,2026-03-26T14:42:04Z,1096.0,3,Pune,Maharashtra,India,INR,PAID,PARTIALLY_FULFILLED,Amodira,D2C,App
gid://shopify/Order/7246651490601,#261731,2026-03-26T14:41:51Z,3191.75,3,Bengaluru,Karnataka,India,INR,PAID,UNFULFILLED,Core,D2C,App
gid://shopify/Order/7246649360681,#261728,2026-03-26T14:40:01Z,896.0,3,Faridabad,Haryana,India,INR,PAID,PARTIALLY_FULFILLED,Amodira,D2C,App
gid://shopify/Order/7246647460137,#261727,2026-03-26T14:38:48Z,5528.0,3,Mumbai,Maharashtra,India,INR,PAID,PARTIALLY_FULFILLED,BTC,D2C,App
gid://shopify/Order/7246639169833,#261724,2026-03-26T14:32:09Z,5295.75,6,Bangalore,Karnataka,India,INR,PAID,PARTIALLY_FULFILLED,Core,D2C,App
gid://shopify/Order/7246632354089,#261718,2026-03-26T14:26:28Z,2151.0,2,Ahmedabad,Gujarat,India,INR,PAID,PARTIALLY_FULFILLED,Core,D2C,App
gid://shopify/Order/7246627930409,#261715,2026-03-26T14:22:36Z,1247.8,1,Bangalore,Karnataka,India,INR,PAID,FULFILLED,Core,D2C,App
